,kind,answer,passage,question
97,2,正しい,モデルとは事物や現象の本質的な形状や法則性を抽象化してより単純化したものを指す言葉であり事物や現象のモデルを作ることをモデル化と呼ぶ。妥当性の高いモデル化ができれば、これを使って実際には行うことが困難な実験を計算だけで行ったり、複雑な現象を再現したりするための手段としても活用できる。,次の文章は正しいか答えてください。モデルとは事物や現象の本質的な形状や法則性を抽象化してより単純化したものを指す言葉である。
128,2,正しい,ベクタ系画像処理ソフトでは、円や長方形などの図形はオブジェクトというひとつの塊として描画される。オブジェクトは、数式で表現されているため、拡大・変形しても画質は劣化しない。また、オブジェクト毎に選択して重ねたり移動したりできる。,次の文章は正しいか答えなさい。ベクタ系画像処理ソフトウェアでは、図形はオブジェクトというひとつの塊として描画される。
88,2,正しくない,選択ソートはリスト内のデータから最小値を探索し、最小値から順に取り出すことで並べ替えを実現するアルゴリズムである。,次の文章は正しいですか?選択ソートはリスト内のデータから中央値を探索し、中央値から順に取り出すことで並べ替えを実現するアルゴリズムである。
164,1,コンピュータに入り込んで不正行為を行う悪意のあるプログラムのことである,"コンピュータに入り込んで不正行為を行う悪意のあるプログラムのことをマルウェアと呼び,これは広義のコンピュータウイルスに当たる.",マルウェアとは何ですか
19,0,eラーニングシステム,教育分野などで機材提供や学習履歴に基づく指導を行うために用いられる、eラーニングシステムがある。,教育分野で用いられる情報システムはなにか
127,2,正しい,近年では、検索アルゴリズムの発達によって、利用者の思想や行動特性に合わせた情報だけが選別されて表示され、インターネット上の観測範囲が狭くなる現象(フィルターバブル)が指摘されている。,次の文章は正しいか答えなさい。検索アルゴリズムの発達によって、利用者の思想や行動特性に合わせた情報だけが選別されて表示され、インターネット上の観測範囲が狭くなる現象が指摘されている。
9,1,無線lanのデメリットは空気中を電波でデータを伝送するため傍受することが容易なことである。,有線lanでは物理的なケーブルを用いてデータを転送するのに対して、無線lanでは、空気中を電波でデータを伝送するために、傍受することが容易であることがデメリットである。,無線lanのデメリットは何か
1,0,アプリケーション層、トランスポート層、インターネット層、ネットワークインタフェース層,tcp/ipの4階層モデルについて、インターネットの通信においては、tcp、ipv4、ipv6、dhcp、http、smtp、popなどの様々なプロトコルが用いられるが、これらは4層のレイヤに分けて考えることができる。アプリケーション層、トランスポート層、インターネット層、ネットワークインタフェース層の4つである。,4層のレイヤの名前はそれぞれなんですか
94,0,確率モデル,モデルは、表現形式や対象の宅趙によって分類することができる。静的モデルは、プラスチックや建築図面などのように時間的要素を含まないもので、動的モデルはレジの待ち行列や、気象予測、生物の成長など、時間的要素を含んだ事象のモデルである。また、確率モデルは不規則な現象を含まず、方程式などで表せるモデルであり、確率モデルはサイコロやくじ引きのような不規則な現象を含んだモデルである。,サイコロやくじ引きのような不規則な現象を含んだモデルを何というか
71,1,実行するたびに処理内容が変わるような変則的なプログラムを作成することが可能となる,"ある一定の範囲内において,すべての数が同じ確率で現れるような数のことを乱数という。コンピュータはその特質上計算で値を生成するので計算による擬似的な乱数しか生成できない。これを擬似乱数(以後「乱数」と表現する)という。この乱数をプログラム内で用いることにより,実行するたびに処理内容が変わるような変則的なプログラムを作成することが可能となり,プログラムを現実世界のシミュレーションなどに活用することが可能となる。",プログラムに乱数を用いることでどのような利点が発生するか。
50,1,コンピュータが制御した情報を物理的に外部へ伝える装置のこと,アクチュエータはコンピュータが制御した情報を物理的に伝える装置であり各種のモータなどが使われている,アクチュエータとは何ですか?
129,1,ベクタ系画像処理ソフトではオブジェクトが数式で表現されているため、拡大・変形しても画質は劣化しない。,ベクタ系画像処理ソフトでは、円や長方形などの図形はオブジェクトというひとつの塊として描画される。オブジェクトは、数式で表現されているため、拡大・変形しても画質は劣化しない。また、オブジェクト毎に選択して重ねたり移動したりできる。,ベクタ系画像処理ソフトでは拡大・変形しても画質が劣化しないのはなぜか、説明しなさい。
102,1,ラジアンとは、円の半径の長さと等しい弧の長さとなる中心角を1とする単位。,コンピュータにおける算術演算において、三角関数の引数となる角度は弧度法(ラジアン)である。ラジアンとは、円(扇型)の半径の長さと等しい弧の長さとなる中心角を1とする単位で、0度＝0ラジアン、90度＝π/2ラジアン、180度はπラジアン、360度＝2πラジアンとなる。角度からラジアンへの変換は角度にπ/180を掛ければよい。,ラジアンとは何ですか?
140,2,正しい,利用者に適切な行動を誘導する役割を持たせたデザインをシグニファイアという。適切なシグニファイアがデザインされたユーザインターフェースは、利用者が得られる体験(ユーザエクスペリエンス)の向上をもたらすため、情報デザインの重要性は一層増してきている。,次の文章は正しいか答えなさい。適切なシグニファイアがデザインされたユーザインターフェースは、ユーザエクスペリエンスの向上をもたらすため、情報デザインの重要性は一層増してきている。
115,1,コミュニケーションとは、送り手と受け手の間で情報のやり取りをすることである。,コミュニケーションは、送り手と、受け手の間で情報のやり取りをすることを指す。,コミュニケーションとは何か説明しなさい。
124,1,15世紀にグーテンベルクによって活版印刷術が発明されたため、情報の複製が容易にできるようになったため、同じ情報を同時に複数人に伝えることが容易になった。,15世紀にはグーテンベルクによって活版印刷術が発明されたことにより、情報の複製が大量にできるようになったことで、同じ情報を同時に複数人に伝えることが容易になった。その後、産業革命をきっかけに、不特定多数への情報伝達の需要が高まり、マスメディアが誕生した。,同じ情報を同時に複数人に伝えることが容易になったのはなぜか、説明しなさい。
130,2,正しくない,ラスタ系画像処理ソフトでは、画像を小さな点(ピクセル)で描画する。そのため、拡大や変形すると画像が粗くなる場合がある。また、ベクタ系とは異なり画像内にある一部の円や長方形だけを移動したり、削除することはできない。,次の文章は正しいか答えなさい。ラスタ系画像処理ソフトでは、画像をピクセルで描画する。そのため、拡大や変形しても画質が粗くなることはない。
14,0,posシステム,商業分野では店舗経営の効率化・売り上げ分析・在庫管理などを目的とし、posシステムと呼ばれる情報システムを用いている。,商業分野で用いられる情報システムはなんですか
148,2,正しい,各種の発想法によりデザインの対象を見つけたら、そこにあるニーズについて情報を収集する。このとき収集される情報には、大きく分けて、定量的な情報と、定性的な情報がある。定量的な情報は、結果を数値で得られるため、量的な比較や検証をするのに向いている。定性的な情報は、主に文字情報によって結果が得られるため、新たな気付きを得たり、詳細な状況を探ったりするのに向いている。,次の文章は正しいか答えなさい。定量的な情報は、結果を数値で得られるため、量的な比較や検証をするのに向いている。
160,0,不正アクセス禁止法違反、コンピュータ・電磁的記録対象犯罪等、ネットワーク利用犯罪,"平成30年の警察白書によれば,サイバー犯罪は次の3つの類型に区別されている。1.不正アクセス禁止法違反2.コンピュータ・電磁的記録対象犯罪等3.ネットワーク利用犯罪",サイバー犯罪の類型3つを回答してください。
189,1,問題解決の考え方を適応し、問題点を明確に、具体的な理想を明らかにして分析を進め、情報や情報技術を活用しながら知恵や思考力をもって影の面をなくす,"光の面は十分に享受するとともに,問題解決の考え方を利用し,問題点を明確にし,具体的な理想を明らかにして分析を進めるとともに,情報や情報技術を効果的に利用しながら,知恵や思考力をもって生徒自身の力で影の面を無くしていく方向に促すことは重要である.",情報社会には光と影の面がありますが、どのようにして影の面をなくせば良いですか
87,0,選択ソート,選択ソートはリスト内のデータから最小値を探索し、最小値から順に取り出すことで並べ替えを実現するアルゴリズムである。,リスト内のデータから最小値を探索し、最小値から順に取り出すことで並べ替えを実現するアルゴリズムは何か
135,0,アーツ・アンド・クラフツ運動,デザインの起源は19世紀末にウィリアム・モリスらが展開した、アーツ・アンド・クラフツ運動であると言われている。これは、大量生産による安価で粗悪な工業製品ではなく、生活と芸術を融合した製品を生産することによって、市民の生活の質や、製品の質や価値を向上させようという運動である。,デザインの起源は何か、答えなさい。
72,1,インターネット上のサービスやビッグデータへのwebの通信を利用したアクセス機能を提供しているapi,"一般にシステム開発では作成するプログラムは大規模なので,コードの長さも膨大となり,開発期間もその分大きくかかる。だが,多くのシステムでは「ボタンを押したらウィンドウが開く」や「ボタンを押したらファイルが保存される」処理について共通していることが多い。共通している処理についてapi(application programinterface)として関数に近い形で提供されている。このapiを使って開発することで,開発期間の短縮につながる。インターネット上のサービスやビッグデータへのwebの通信を利用したアクセス機能を提供しているapiをwebapiといい,現在のシステム開発において利用されている。",webapiとは何か。
194,1,電子マネーとは電子的なやり取りにより、現金の代わりに決済ができるサービスのことを指す,"電子マネーとは,電子的なデータのやりとりにより,現金の代わりに決済できるサービスをさす場合が多い.",電子マネーとは何ですか
146,2,正しくない,発散技法は多くの視点から多様な発想を生み出そうとする方法であり、主な発想法としてはブレーンストーミングやブレーンライティングがある。また、収束技法は集めたデータをまとめていくことで有効な情報を形成していく方法であり、kj法や特性要因図が該当する。統合技法は先述した発散と収束を繰り返す方法であり、ワークデザイン法とインプットアウトプット法が該当する。態度技法は創造的態度を身に付ける方法でロールプレイング、ワールドカフェがその代表である。,次の文章は正しいか答えなさい。態度技法は集めたデータをまとめていくことで有効な情報を形成していく方法であり、ロールプレイング、ワールドカフェがその代表である。
17,0,its,交通分野では渋滞緩和やバスの走行位置提供などを目的とし、高度道路交通システム(通称:its)と呼ばれる情報システムを用いている。,交通分野で用いられる情報システムはアルファベット3文字でなんといいますか
182,2,正しくない,特許権、実用新案権、意匠権、商標権を総称して産業財産権という。,次の文章は正しいか答えなさい。特許権、実用新案権、意匠権を総称して産業財産権という。
8,2,正しくない,tcp/ipの4階層モデルについて、インターネットの通信においては、tcp、ipv4、ipv6、dhcp、http、smtp、popなどの様々なプロトコルが用いられるが、これらは4層のレイヤに分けて考えることができる。アプリケーション層、トランスポート層、インターネット層、ネットワークインタフェース層の4つである。,tcp/ipの4階層モデルについて、インターネットの通信においては様々なプロトコルが用いられるが、これらは7層のレイヤに分けて考えることができる。
38,2,正しい,質的データ×質的データにおいては、分割表なども用いることが多いが、端的に可視化するときには、モザイク図やマリメッコチャートなども用いられる,次の文章は正しいですか。質的データ×質的データを端的に可視化するときにはモザイク図やマリメッコチャートなどが用いられる。
29,0,箱ひげ図,"位置統計量のうち,四分位数というものがある.四分位数はデータを大きさの順に並べたときに,データの個数(相対度数)を4等分する境界値で,データが小さい方から順に第1四分位数(q1),第2四分位数(q2)(中央値と同値),第3四分位数(q3)という。累積相対度数は中学校で学習するが,四分位数はそれぞれ,下側累積25%点,下側累積50%点,下側累積75%点に相当する。四分位数を図示する方法として,箱ひげ図が用いられる。",四分位数を図示する方法は何?
57,2,正しいです,ドアには空気圧シリンダが使われている。空気圧シリンダは構造がシンプルで安価である。空気を圧縮膨張させることでシリンダ内のピストンを動かし、ドアの開閉などを行う。,次の文章は正しいか答えなさい。空気圧シリンダは空気を圧縮膨張させることでシリンダ内のピストンを動かし、ドアの開閉などを行う。
145,1,統合技法は多くの視点から多様な発想を生み出そうとする発散と集めたデータをまとめていくことで有効な情報を形成していく収束を繰り返す方法である。,発散技法は多くの視点から多様な発想を生み出そうとする方法であり、主な発想法としてはブレーンストーミングやブレーンライティングがある。また、収束技法は集めたデータをまとめていくことで有効な情報を形成していく方法であり、kj法や特性要因図が該当する。統合技法は先述した発散と収束を繰り返す方法であり、ワークデザイン法とインプットアウトプット法が該当する。態度技法は創造的態度を身に付ける方法でロールプレイング、ワールドカフェがある。,統合技法とはどのような方法か説明しなさい。
37,2,正しい,名義尺度と順序尺度をまとめて質的データまたはカテゴリ型データと呼ぶことがある。これらは量的データと異なり、一見すると数値で表されている場合などでも量的データと同様の演算や可視化を行うことができないことがあるので注意が必要である。,次の文章は正しいですか?名義尺度と順序尺度をまとめて質的データまたはカテゴリ型データと呼ぶことがある。
46,2,正しくない,cpuにとっての作業場所がメモリである。十分な広さが必要であり、特に複数の仕事を同時に進行する場合は広くする必要がある。ここが狭いと、コンピュータ全体の処理速度が落ちる。ハードディスクは、情報を保存しておく引き出しと考えてもらいたい。大量の情報を保存できるが読み書きに時間がかかる。,「cpuにとっての作業場所がメモリであり、狭くても問題はない。」という文章は正しいですか?
187,1,主な利用目的としてコミュニケーション、動画視聴、音楽試聴があげられる,"特に,2018年に発表された内閣府による青少年のインターネット利用環境実態調査の結果によると,平均1日あたり,高校生の53.8%が3時間以上インターネットを利用しており,5時間以上利用している者も26.1%に上るという.利用目的として,上位からコミュニケーション,動画視聴,音楽視聴と報告されている.",高校生のインターネット利用目的はどのようなものが挙げられますか
167,2,正しい,"平成30年の警察白書によれば,サイバー犯罪は次の3つの類型に区別されている。1.不正アクセス禁止法違反2.コンピュータ・電磁的記録対象犯罪等3.ネットワーク利用犯罪",次の文章は正しいか答えなさい。サイバー犯罪は次の3つの類型に区別されている。1.不正アクセス禁止法違反2.コンピュータ・電磁的記録対象犯罪等3.ネットワーク利用犯罪
158,2,正しくない,"事象や現象を数字や文字などで記号化したものがデータであり,意味や価値が付加されたデータやメッセージを情報という.","次の文章は正しいか答えなさい.「事象や現象を数字や文字などで記号化したものが情報であり,意味や価値が付加された情報やメッセージをデータという.」"
108,2,正しくない,"アナログ情報をデジタル化するときには,連続的に変化する量を一定の時間間隔で区切る標本化,それぞれの値にあらかじめ定めた段階値を割り当てる量子化,量子化した数値を2進法で表現する符号化の手順が行われる。","次の文章は正しいか答えなさい。アナログ情報をデジタル情報に変換する際,連続的に変化する量を一定の時間間隔で区切る処理を量子化という."
126,2,正しくない,15世紀にはグーテンベルクによって活版印刷術が発明されたことにより、情報の複製が大量にできるようになったことで、同じ情報を同時に複数人に伝えることが容易になった。その後、産業革命をきっかけに、不特定多数への情報伝達の需要が高まり、マスメディアが誕生した。,次の文章は正しいか答えなさい。18世紀にはグーテンベルクによって活版印刷術が発明されたことにより、情報の複製が大量にできるようになったことで、同じ情報を同時に複数人に伝えることが容易になった。
175,1,生存する個人に関する情報であって、当該情報に含まれる氏名、生年月日その他の記述等により特定の個人を識別することができるもの、あるいは個人識別符号が含まれるもの,"2003年に成立した「個人情報の保護に関する法律」では,個人情報を次のように定義している。「生存する個人に関する情報であって,当該情報に含まれる氏名,生年月日,その他の記述などによって特定の個人を識別できるもの(他の情報と容易に照合することができ,それによって特定の個人を識別することができることとなるものを含む),または個人識別符号が含まれるもの。」",個人情報とは何ですか
22,0,行政の透明性・信頼性の向上,オープンデータとしてデータが公開されることにより、政策等に関する十分な分析・判断が可能となり、行政の透明性・信頼性の向上につながると考えられる。,オープンデータとしてデータが公開されるとどのような効果がありますか
151,2,正しくない,ペルソナ手法は、デザインされた情報の利用者の人物像(ペルソナ)を設定し、その人物に向けて、何が必要かを検討していくことで要件を定義する手法である。ペルソナを設定する際には、年齢、性別、職業、家族構成、趣味、スキルといった人物の基本的な情報だけでなく、利用者の会社、学校、社会での役割(ユーザロール)や、利用者がどのようなことを達成したいのか(ユーザゴール)、利用者の好みなども具体的に設定していく。,次の文章は正しいか答えなさい。ペルソナを設定する際には、年齢、性別、職業などの人物の基本的な情報だけを設定すればよい。
64,1,「おはよう」が画面に表示される。,"print(""文字列"")は文字列を表示する関数である。print(""おはよう"")を実行すると「おはよう」と画面に表示し、print(""こんにちは"")を実行すると「こんにちは」と画面に表示する。","print(""おはよう"")を実行すると何が起こるでしょう"
184,2,正しい,授業での利用(著作権法第35条)では教育を担当する者、授業を受ける者は、授業の過程で利用するために、必要と認められる限度に置いて著作物を複製できる。ただし、著作権者の利益を不当に害することは違法になる。,次の文章は正しいか答えなさい。授業での利用(著作権法第35条)では教育を担当する者、授業を受ける者は、授業の過程で利用するために、必要と認められる限度に置いて著作物を複製できる。ただし、著作権者の利益を不当に害することは違法になる。
166,1,情報システムごとに導入コストや運用コストのトレードオフを考慮する必要がある,"情報システムを運用する場合には導入コストや運用コストなどとのトレードオフも考慮しながら,情報システム毎に3要素の重要度を検討する必要がある。",情報システムに情報セキュリティの3要素を組み込む場合、どのようなことを考慮すれば良いですか
15,0,電子決済システム,金融分野では鉄道運賃の支払いや店頭レジでの支払いに電子決済システムと呼ばれる情報システムを活用している。,金融分野において用いられる情報システムはなんですか
133,0,究極の5個の帽子掛け,"情報デザインを行っていく上で欠かせないのが,情報を構造化していくことである。情報の構造化とは,情報をある基準を用いて整理し,整理された情報同士を結び付けていくことである。情報の整理の基準として用いられているのが,リチャード・ソール・ワーマンが提唱した「究極の5個の帽子掛け」と呼ばれるものである。ここでは,情報を整理する基準について,「位置」「アルファベット」「時間」「カテゴリ」「連続量」の5つしかないとしている。",リチャード・ソール・ウーマンが提唱した情報の整理の基準として用いられているものは何か。
31,0,帰無仮説は正しくない,"帰無仮説上の分布で検定統計量の観測値が対立仮説の方向にその値以上にずれる有意確率が有意水準以下になるとき,帰無仮説は正しくないと考え,帰無仮説は棄却され対立仮説を採択する。p値が有意水準より大きくなる場合は,帰無仮説が正しいというより,検出力の問題もあるので,今回のデータは帰無仮説を棄却する統計的な証拠にはならないという判断に留めることが重要である。",有意確率が有意水準以下になると帰無仮説はどう言えますか?
190,2,正しい,情報技術の発展が社会へのコミュニケーションの利便性を高め人の生活を豊かにさせる反面、情報格差、健康への影響、いじめや犯罪に巻き込まれるなどの負の側面も生じている。,次の文章は正しいか答えよ。情報技術の発展が社会へのコミュニケーションの利便性を高め人の生活を豊かにさせる反面、情報格差、健康への影響、いじめや犯罪に巻き込まれるなどの負の側面も生じている。
109,0,16bit,"コンピュータでは,文字の一つ一つに文字コードと呼ばれる固有の番号を割り当てることで,文字を2進法のデータとして取り扱っている。英語などで使用されるアルファベットや数字などの文字は種類が少ないので7bitで表現することができるが,日本語などで使用される漢字などの文字は種類が多いので16bitで表現する。","テキストをコンピュータで処理する際,日本語は1文字あたり何bitで表現されるか"
119,2,正しい,対人コミュニケーションは特定相手を限定した個人対個人のコミュニケーションのことを指し、集団コミュニケーションは限定された小集団レベルのコミュニケーションのことを指す。また、マスコミュニケーションは不特定多数に対して行われるコミュニケーションのことをいう。,次の文章は正しいか答えよ。集団コミュニケーションは限定された小集団レベルのコミュニケーションのことをいう。
169,2,正しい,一般の利用者が情報システムを利用するにあたり、設定するパスワードは通常、英数字、記号などを組み合わせ、他の人に容易に推測されない複雑なものにする必要がある。,次の文章は正しいか答えなさい。一般の利用者が情報システムを利用するにあたり、設定するパスワードは通常、英数字、記号などを組み合わせ、他の人に容易に推測されない複雑なものにする必要がある。
156,1,ブレーンストーミングのルールは質より量、制約を設けない、便乗の推奨、批判の禁止である,"ブレーンストーミングには質より量,制約を設けない,便乗の奨励,批判の禁止の4つのルールがある.",アイデアを生み出す手法であるブレーンストーミングのルールはどのようなものが挙げられますか
104,0,デジタル,"私たちの身の回りには,温度や時間など連続的に変化するものがたくさんある。このような情報をアナログデータという。デジタルは連続する量を一定間隔ごとに区切り,数値を用いて表す方法である。","連続する量を一定間隔ごとに区切り,数値を用いて表す方法を何というか"
170,0,産業財産権と著作権,"知的財産権とは,人間の幅広い知的創造活動の成果について,その創作者に一定期間の権利保護を与えるようにした制度である。知的財産権は,申請の必要な産業に関する産業財産権と,申請の必要がない文化や芸術に関する著作権に大きく分けられる。",知的財産権は何と何に大きく分けられる?
178,2,正しくない,教育を担任する者、授業を受ける者は、授業の過程で利用するために、必要と認められる限度に置いて著作物を複製できる。ただし、著作権者の利益を不当に害することは違法になる。,教育者が授業の過程で利用するために著作物を複製することは違法である。○か×か。
10,2,正しくない,家庭内などの接続する人が特定できている場所での接続に関しても、外部からの不正な侵入も考慮し、ssidを公開しないことや暗号化キーを分かりづらいものにしておくこと、暗号化方式を容易に解読されないものにしておくことが必要である。そのため、ssid、暗号化キー、暗号化方式などの情報が無線lanに参加するのに必要になる。,次の文章は正しいか答えなさい。家庭内などの接続する人が特定できている場所での接続に関しても、ssidを公開することや暗号化キーを分かりやすいものにしておくこと、暗号化方式を容易に解読されないものにしておくことが必要である。
67,2,正しくない,アルゴリズムを表現する方法は多様である。ここでは、フローチャートを紹介したが、目的や内容に応じて適切なものを使い分けるようにしたい。uml(unified modeling language)に含まれるアクティビティ図やシーケンス図のように、複数の処理が互いに通信しながら動作を進める様子を表現できる表記法も利用されている。,次の文章は正しいですか。フローチャートのように複数の処理が互いに通信しながら動作を進める様子を表現できる表記法も利用されている。
150,0,フィールドワーク,情報を収集する手法としてフィールドワークがある。これは、実際にデザインの対象となる場に行って、現地の様子を観察するやり方である。必要に応じて、現地でアンケート調査やインタビューを行えるため、より多面的な情報が手に入るが、観察者の力量によって情報の質が変わってしまう場合もある。,実際にデザインの対象となる場に行って、現地の様子を観察し、情報を収集する手法を何というか。
39,1,可視化することによって、問題を発見することができ、それに対して詳細な分析や解釈、解決策を考えることができるからである。,データの可視化は何のために行うのだろうか。可視化することによって、問題を発見することができ、それに対して詳細な分析や解釈、解決策を考えることができるからである。,データの可視化は何のために行うのですか。
91,0,randint関数,pythonで整数で発生させる乱数はrandint関数で提供されている。,pythonで整数の乱数を得るための関数はどれですか?
141,1,シグニファイアとは利用者に適切な行動を誘導する役割を持たせたデザインのことである。,利用者に適切な行動を誘導する役割を持たせたデザインをシグニファイアという。適切なシグニファイアがデザインされたユーザインターフェースは、利用者が得られる体験(ユーザエクスペリエンス)の向上をもたらすため、情報デザインの重要性は一層増してきている。,シグニファイアとは何か答えなさい。
153,0,形がない、消えない、簡単に複製できる、容易に伝播する,"情報の代表的な特性として,以下の4つがあげられる。1形がない2消えない3簡単に複製できる4容易に伝播する。これらの特性は「もの」と比較して考えると分かりやすい。",情報の代表的な特徴を4つ挙げてください。
49,2,正しい,and、or、notを用いて2進数の足し算について考えてみる。論理演算の基本は、and、or、notなので、この3つで基本的にどんな計算も表すことができる。,次の文章は正しいか答えなさい。論理演算の基本は、and、or、notなので、この3つで基本的にどんな計算も表すことができる。
51,0,センサ,センサは、自然現象の情報を人間や装置などが扱いやすい信号に置き換える装置であり、温度、照度、加速度、距離などを測定するセンサがいろいろな装置に内蔵されて使われている。,自然現象の情報を人間や装置などが扱いやすい信号に置き換える装置を何といいますか
25,1,離散グラフとは頂点と辺で構成された図のことである。,頂点と辺で構成された図を離散グラフという。図表2では、aからfまでの6人の人のつながりを表している。aからfまでの人を表す丸を頂点(バーテックスまたはノード)、人と人とのつながりを表す線分を辺(エッジ)といい、頂点と辺で構成された図を離散グラフという。特に方向性を考えない無効グラフとなっている。人のつながりでの片思いの関係や一方通行の道路のような、方向性を考慮した有効グラフを考えることもできる。,離散グラフとは何ですか。
30,0,帰無仮説,"検証したい仮説を対立仮説と呼び,その反対の仮説を帰無仮説と呼ぶ。そして,標本データが帰無仮説上でどのような起こりやすさ(分布)の下で起こっているのかを確率で評価し,非常に小さな確率でしか起こらないことを証拠に,帰無仮説を棄却し対立仮説の成立を主張する。",検証したい仮説の反対の仮説は何?
199,2,正しくない,プリペイドカードでは磁気データを書き換えることで利用確認を行っている。一方で、icカード方式電子マネーでは内臓icと電波でやり取りを行うことで利用確認を行っている。,次の文章は正しいか答えなさい。icカード方式電子マネーでは磁気データを書き換えることで利用確認を行っている。
3,1,有線lanはethernetの電気信号を、無線lanは電波を利用すること,有線lanと無線lanと無線lanの違いはどこにあるのか。外見上は有線がethernetにしたがった規格の通信であり、無線はlanケーブルなしでethernetの通信技術を実現したものである。これは物理的な違いであり実際には、通信上のネットワークインタフェースがethernetの電気信号であることと電波を利用することの違いである,実際の通信における有線lanと無線lanの違いは何ですか
186,1,10代はsnsや動画投稿・共有サイト、友人とのチャットが情報源であり、60代は新聞やテレビを情報源としている,"10代は情報源としてsnsや動画投稿・共有サイト,友人とのチャットが中心であるように読み取れる.60歳以上は,ネットの利用時間が短く",10代と60代の情報源はどのように異なりますか
111,0,ラスタデータ,"コンピュータで扱う画像データには様々な種類がある。画像データは大別して,ラスタデータとベクタデータに大きく分けられる。ラスタデータは,画像を色情報を持った点を使って表現したデータで,ビットマップデータとも呼ばれる。ラスタデータは,写真や自然画などを扱うのに適している。しかしラスタデータは,点の集合で表現されているため,画像の拡大・縮小・変形などには適さない。ベクタデータは,画像を点とそれを結ぶ線や面で計算処理して表現したデータで,イラストや図面などを作成するのに適している。ベクタデータは,表示するたびに,計算を行って画像を表現するため,画像を拡大・縮小・変形したりしても,画質が維持されるという特徴がある。","コンピュータで画像を扱う際,画像を色情報を持った点を使って表現したデータ形式を何というか"
116,0,対人コミュニケーション、集団コミュニケーション、マスコミュニケーション,コミュニケーションを、個人同士で情報をやり取りする「対人コミュニケーション」、限られた集団で情報をやり取りする「集団コミュニケーション」、不特定多数で情報をやり取りする「マスコミュニケーション」の3つのモデルに分ける考え方がある。,コミュニケーションにおける3つのモデルを答えなさい。
24,1,リレーショナルデータベースは、データが表形式で表現されたテーブルというデータの集合として管理する。,"データの蓄積や検索が容易にできるものをデータベースという,そのうち特にリレーショナルデータベース(関係データベース)が広く用いられている。リレーショナルデータベースは,表形式で表現されたテーブルというデータの集合として管理する。複数のテーブルを関連付けて,結合して利用することもできる。リレーショナルデータベースを操作するには,sql(structured query language)という言語が用いられる。",リレーショナルデータベースではどのようにしてデータを管理するか。
157,1,アイデアの近さやまとまりを可視化するkj法や、一定のルールに基づいて構造的にアイデアを表すものがロジックツリーやコンセプトマップがある,"アイデアを整理し,可視化する有効な手法として,アイデアをそれぞれのカードに記し,二次元に配置しながらグループ化したり表題をつけたり関連づけたりするなどして有意な解釈や新たなアイデアなどを生み出す方法や,アイデアや項目などを一定のルールのもとに線でつなぎながら関連を分かりやすく示す方法などがある.前者の代表的な例として「kj法」が,後者の代表的な例として「ロジックツリー」「コンセプトマップ」などが挙げられる.",アイデアを整理する手法はどのようなものがありますか
21,0,国民参加・官民共同の推進を通じた諸課題の解決、経済活性化,オープンデータとしてデータが公開される意義として国民参加・官民共同の推進を通じた諸課題の解決、経済活性化があげられ、その効果として多様なサービスの提供・公共サービスの提供・改善、諸課題の解決への貢献などが挙げられる。,オープンデータとしてデータが公開されるのはどんな意義がありますか
191,2,正しくない,情報機器の普及は、これらを利用して仕事をしている人に対して、目が疲れたり肩こりが生じたりという身体的な症状や、また、過度に情報機器に依存してしまう不安症などという健康被害(テクノストレス)を生じさせることもある。,次の文章は正しいか答えよ。情報機器の普及は、これらを利用して仕事をしている人に対して、目が疲れたり肩こりが生じたりという身体的な症状を生じさせるが、健康被害が生じることはない。
147,2,正しくない,発散技法は多くの視点から多様な発想を生み出そうとする方法であり、主な発想法としてはブレーンストーミングやブレーンライティングがある。また、収束技法は集めたデータをまとめていくことで有効な情報を形成していく方法であり、kj法や特性要因図が該当する。統合技法は先述した発散と収束を繰り返す方法であり、ワークデザイン法とインプットアウトプット法が該当する。態度技法は創造的態度を身に付ける方法でロールプレイング、ワールドカフェがその代表である。,次の文章は正しいか答えなさい。発散技法は多くの視点から多様な発想を生み出そうとする方法であり、主な発想法としてはブレーンストーミングやワークデザイン法がある。
43,0,cpu,"コンピュータは、制御装置、演算装置、記憶装置、入力装置,出力装置の5つで構成される。制御装置と演算装置を合わせてcpu(central processing unit)という",コンピューターの制御装置と演算装置を合わせた装置を何というか?
96,2,正しくない,確率モデルを使ったシミュレーション手法に、モンテカルロ法がある。モンテカルロ法の特徴は対象のモデルに乱数を大量に生成して入力し、近似解を得ようとする手法である。,次の文章は正しいか答えてください。モンテカルロ法は対象のモデルに乱数を1つだけ生成して入力し、近似解を得ようとする手法である。
68,0,プログラム,"問題を解決するための方法や手順をアルゴリズムといい,アルゴリズムをコンピュータが実行できる形式であらわしたものをプログラムという。アルゴリズムは流れ図(フローチャート)などを用いて図式化するとわかりやすい。アルゴリズムはプログラミング言語を用いてプログラムにすることで,コンピュータに実行させることができる。",アルゴリズムをコンピュータが実行できる形式であらわしたものを何というか
185,1,情報格差や健康への影響、いじめや犯罪に巻き込まれるといった問題がある,"スマートフォンなど個人が所有する情報機器の普及はsnsの普及につながり,コミュニケーションの利便性の向上につながっていると考えられる反面,年齢や所得など,個人の技術や社会環境の差により格差(デジタルディバイド)が生じ,新しい情報を手に入れる機械や量が異なることがある.",スマートフォンやsnsの普及によって利便性が向上した反面、どのようなことが問題となっていますか
75,0,引数,数学では関数はy＝f(x)のように表現されるが、コンピュータプログラムの関数ではxを引数(引数)、yを戻り値と呼んでいる。,数学での関数はy＝f(x)のように表現されるが、コンピュータプログラムではxを何というでしょう
41,0,計測,"センサやアクチュエータなどの計測・制御システムを構成する要素の機能や仕組みを理解し,計測・制御システムの中では一連の情報がプログラムによって処理されており,順次,分岐,反復という処理手順の組み合わせによって実現されていることを理解する。センサなどの装置を使って自然現象などの量を測ることを計測といい,ある目的の状態にするためにアクチュエータなどの装置を操作することを制御という。",センサを使って自然現象の量を測ることを何といいますか?
80,1,一般的にデータ数が多い場合,"左側から探索を行う線形探索においては探索値が左端にあるか,右端にあるかによって探索回数が大きく変わり,1回の探索で見つかる場合もあれば,全てのデータを探索する場合も出てくるので,一般的にデータ数が多い場合は線形探索では時間がかかることが多い。二分探索の場合は1回の探索で見つからなかった場合でも探索範囲をデータ数の半分に絞ることができるので,線形探索と比較すると,データ数が大きくなっても探索にかかる時間はそれほど増加しない場合が多い。最大探索回数だけを比較すると,回数の少ない二分探索がよいアルゴリズムと考えがちだが,二分探索には事前にデータを並べ替えておく必要があり,一概によいアルゴリズムとは言い切れない。例えば「事前にデータが並び替えられている保証がない場合」や「データの数がそれほど多くなく,シンプルなアルゴリズムの方が望ましい場合」などは線形探索の方が有用な場合もある。",線形探索ではなく二分探索を使うのはどのような場面か。
61,1,処理の流れを視覚的に表現することが可能となる。,"流れ図を使って表現すると,処理の流れを視覚的に表現することが可能となる。制御構造を流れ図で表現するにあたり,各構造は図表1のようになり,3つの構造を組み合わせて流れ図を書くと,図表2のように表現することができる。",流れ図を使って表現すると何ができますか?
193,0,felica,"現在のicカードは非接触型icカードの技術方式を用いたfelicaを利用する方式が普及している。felicaはic乗車券や電子マネーの他,学生証や社員証といったidカード,マンションの電子キーの他,健康機器や家電製品にも搭載が進んでいる。携帯電話,スマートフォンの機能にあるおサイフケータイはこのfelicaを利用している。",icカードやおサイフケータイに利用される方式は何?
79,2,正しい,"プログラムは,変数にデータを代入したり,参照したりすることを繰り返しながら動作しているが,複雑なプログラムになってくると,変数名の異なる変数が多くなり,取り扱いが困難になるため,リストが使われることが多い。リストは複数の値を一つの名前(変数名)と番号(添字)によって管理する仕組みである。これを使うと同じデータ型の変数を複数宣言する必要がなくなるため,簡潔にプログラムを記述することができるようになる。そのリストの中にあるひとつひとつの変数を要素といい,要素に付けられた番号を添字という。リストの値の参照やリストへの値の代入は,リスト名と添字を使って,「リスト名[添字]」として扱うことが多い。添字を変数で指定することで,その値を変えることで要素を自由に扱うことができる。",以下の文章は正しいですか?リストは複数の値を一つの名前と番号によって管理する仕組みである。
198,1,バリアフリーは障がい者や高齢者、妊婦にとって障壁となるものを取り除くという考えで、ユニバーサルデザインは障がい者、高齢者問わず、全ての人が生活しやすい環境を実現する考えである,"障がい者,高齢者,妊婦などにとって障壁(バリア)となっているものを取り除こうという考えからスタートしたのがバリアフリーである.一方で,ユニバーサルデザインはまた別の概念であり,障がいの有無,年齢,性別,人種等にかかわらず,すべての人にとって生活しやすい環境を実現するための工夫をさす.",バリアフリーとユニバーサルデザインはどう違いますか
176,0,特許庁,"特許権,実用新案権,意匠権,商標権を総称して産業財産権といい,新しい技術やデザインなどに対して独占的に使用できる権利が与えられ,模倣されないように保護される。これらは,特許庁に出願し,登録することで権利が発生する。なお,権利の性質上,商標権は更新が可能となっている。","産業財産権はどこに出願し,登録することで権利が発生する?"
56,2,正しくない,建設機械には油圧シリンダというアクチュエータが使われている。油圧シリンダは油圧によりシリンダ内のピストンを動かすようになっている。大出力が可能なため、クレーンやパワーショベルなどに使われる。,次の文章は正しいか答えなさい。油圧シリンダの出力は小さいため、クレーンやパワーショベルなどの建設機械には使われていない。
101,1,不確実な現象のシュミレーション,ブラウン運動や株価の変動など不確実な現象のシミュレーションとして用いられるモデルにランダムウォークがある,ランダムウォークとはどのような時に用いられるモデルですか?
20,0,住民基本台帳システム,行政分野では行政手続きの簡略化や住民票写し広域交付などの目的に住民基本台帳システムと呼ばれる情報システムを用いている。,行政手続きの簡略化などに用いられる情報システムはなんという
163,0,真正性、信頼性、責任追跡性、否認防止,"情報セキュリティとは,情報の機密性・完全性・可用性を確保することである。2006年制定のjis q 13335-1ではさらに真正性(authenticity),責任追跡性(accountability),信頼性(reliability),否認防止(non-repudiation)を加えて7要素と呼ぶ.",情報セキュリティには機密性、完全性、可用性のほかにどのような要素がありますか
32,1,帰無仮説を棄却する統計的な証拠にはならない,"帰無仮説上の分布で検定統計量の観測値が対立仮説の方向にその値以上にずれる有意確率が有意水準以下になるとき,帰無仮説は正しくないと考え,帰無仮説は棄却され対立仮説を採択する。p値が有意水準より大きくなる場合は,帰無仮説が正しいというより,検出力の問題もあるので,今回のデータは帰無仮説を棄却する統計的な証拠にはならないという判断に留めることが重要である。","有意確率が有意水準以下にならない場合,帰無仮説はどう言えますか?"
131,1,ラスタ系画像処理ソフトでは画像を小さな点で描画するため、拡大や変形によって画像が粗くなることがある。,ラスタ系画像処理ソフトでは、画像を小さな点(ピクセル)で描画する。そのため、拡大や変形すると画像が粗くなる場合がある。また、ベクタ系とは異なり画像内にある一部の円や長方形だけを移動したり、削除することはできない。,ラスタ系画像処理ソフトにおいて拡大や変形を行うと画質が粗くなることがあるのはなぜか、説明しなさい。
98,2,正しくない,モデルとは事物や現象の本質的な形状や法則性を抽象化してより単純化したものを指す言葉であり事物や現象のモデルを作ることをモデル化と呼ぶ。妥当性の高いモデル化ができれば、これを使って実際には行うことが困難な実験を計算だけで行ったり、複雑な現象を再現したりするための手段としても活用できる。,以下の文章は正しいか答えてください。妥当性の高いモデルができたとしても、実際に行うことが困難な実験を計算だけで行うことはできない。
89,2,正しくない,二分探索はリストの中から探索範囲を半分ずつ狭めながら目的のデータを探し出す探索方法である。,以下の文章は正しいか答えてください。二分探索はリストの中から探索範囲を4分の1ずつ狭めながら目的のデータを探し出す探索方法である。
33,0,名義尺度と順序尺度,"データには尺度水準を基にすると,名義尺度,順序尺度,間隔尺度,比例尺度の4種類に分けて考えることができる。このうち,名義尺度と順序尺度をまとめて質的データまたはカテゴリ型データと呼ぶことがある。",データの尺度を4種類に分けたうちの質的データは何と何?
60,1,アルゴリズムは問題を解決するための方法や手順であり、プログラムはアルゴリズムをコンピュータが実行できる形式であらわしたものである。,"問題を解決するための方法や手順をアルゴリズムといい,アルゴリズムをコンピュータが実行できる形式であらわしたものをプログラムという。アルゴリズムは流れ図(フローチャート)などを用いて図式化するとわかりやすい。アルゴリズムはプログラミング言語を用いてプログラムにすることで,コンピュータに実行させることができる。",アルゴリズムとプログラムの違いを答えよ。
27,1,離散リストは隣接行列における疎行列のような不要なデータについての問題を解消する。,隣接リストの形式では、疎行列のような不要なデータについては解消されるが、頂点同士が接続しているかどうかを調べるには隣接リストをたどって調べる必要が生じる。離散グラフを用いてどのような問題を解決するかを考えて表現することが求められる。,離散リストは隣接行列におけるどのような問題を解消しますか
114,2,正しくない,"コンピュータで扱う画像データには様々な種類がある。画像データは大別して,ラスタデータとベクタデータに大きく分けられる。ラスタデータは,画像を色情報を持った点を使って表現したデータで,ビットマップデータとも呼ばれる。ラスタデータは,写真や自然画などを扱うのに適している。しかしラスタデータは,点の集合で表現されているため,画像の拡大・縮小・変形などには適さない。ベクタデータは,画像を点とそれを結ぶ線や面で計算処理して表現したデータで,イラストや図面などを作成するのに適している。ベクタデータは,表示するたびに,計算を行って画像を表現するため,画像を拡大・縮小・変形したりしても,画質が維持されるという特徴がある。",次の文章は正しいか答えなさい。ベクターデータは画像を拡大・縮小・変形したりしても画質が維持されるという特徴があるため、写真や自然画などを扱うのに適している。
36,1,aiアシスタントは人間の音声をテキストに変換し、形態素解析を行い、意味解釈を行い、その回答を返している。,"コンピュータやスマートフォン、スマートスピーカーに搭載されているaiアシスタント(siri,cortana,alexaなど)も人間の音声をテキストに変換し、形態素解析を行い、意味解釈を行い、その回答を返すように作られている。かつては単なるパターンマッチングであったものが、このようなテキストマイニング技術と機械学習などの技術が融合することにより、人間と同じような機能を持つ機器が登場してきている。",コンピュータやスマートフォン、スマートスピーカーに搭載されているaiアシスタントはどのように回答を返しているか。
137,1,学習指導要領では情報デザインについて「効果的なコミュニケーションや問題解決のために、情報を整理したり、目的や意図を持った情報を受け手に対してわかりやすく伝達したり、操作性を高めたりするためのデザインの基礎知識や表現方法及びその技術のことである。」と述べてられている。,学習指導要領解説では、情報デザインについて「効果的なコミュニケーションや問題解決のために、情報を整理したり、目的や意図を持った情報を受け手に対してわかりやすく伝達したり、操作性を高めたりするためのデザインの基礎知識や表現方法及びその技術のことである。」と述べている。,学習指導要領解説では、情報デザインについてどのように述べられているか答えなさい。
173,1,産業財産権には、新しい発明を出願から20年間保護する特許権、物品の構造・形状の考案を出願から20年間保護する実用新案権、商品やサービスに使用するマークを保護する商標権、物品のデザインを登録から25年間保護する意匠権がある。,"特許権,実用新案権,意匠権,商標権を総称して産業財産権といい,新しい技術やデザインなどに対して独占的に使用できる権利が与えられ,模倣されないように保護される.",産業財産権にはどのようなものがありますか
63,0,アクティビティ図、シーケンス図,アルゴリズムを表現する方法は多様である。ここでは、フローチャートを紹介したが、目的や内容に応じて適切なものを使い分けるようにしたい。uml(unified modeling language)に含まれるアクティビティ図やシーケンス図のように、複数の処理が互いに通信しながら動作を進める様子を表現できる表記法も利用されている。,複数の処理が互いに通信しながら動作を進める様子を表現できる表記法を2つ答えなさい。
121,1,「メディア」は一般的には表現形式としてのメディアと、物理メディアを一体として捉えて、小数の発信者が多数の受信者に対して情報発信を行う新聞や出版物、テレビやラジオなどのマスメディアを指すことが多い。,一般的に「メディア」というと、表現形式としてのメディアと、物理メディアを一体として捉えて、小数の発信者が多数の受信者に対して情報発信を行う新聞や出版物、テレビやラジオなどのマスメディアを指すことが多い。,一般的に「メディア」とは何を指すか、説明せよ。
196,1,完全セルフレジは複数のレジを1人のスタッフで対応できるメリットがあるが、利用者にとっては慣れないと操作が難しく、購入を諦めてしまうデメリットがある,"完全セルフレジの場合には複数のレジを一人のスタッフで対応できるメリットがある反面,利用者にとっては慣れないと難しく購入をあきらめてしまう可能性もある.",完全セルフレジのメリットとデメリットは何ですか
92,1,静的モデルは、プラスチックや建築図面などのように時間的要素を含まないもののモデルである。,モデルは、表現形式や対象の宅趙によって分類することができる。静的モデルは、プラスチックや建築図面などのように時間的要素を含まないもので、動的モデルはレジの待ち行列や、気象予測、生物の成長など、時間的要素を含んだ事象のモデルである。また、確率モデルは不規則な現象を含まず、方程式などで表せるモデルであり、確率モデルはサイコロやくじ引きのような不規則な現象を含んだモデルである。,静的モデルとはどのようなモデルですか?
55,0,ドローン,"ドローンにおけるアクチュエータの役割は直流によって回転運動し,制御性に優れる。プロペラの回転数を変えることで姿勢を制御する。",以下の使われ方をしているアクチュエータは何でしょう。プロペラの回転数を変えることで姿勢を制御する。
100,1,変数名やその意味をまとめた表,プログラム中に用いる変数と諸条件の対応をわかりやすくするためにも変数表を作成しておくとよい,変数表とは何ですか?
192,2,正しい,スマートフォンなど個人が所有する情報機器の普及はコミュニケーションの利便性の向上につながっている反面、年齢や所得など、個人の技術や社会環境の差により格差(デジタルデバイド)を生じ、新しい情報を手に入れる機会や量が異なることがある。,次の文章は正しいか答えなさい。スマートフォンなど個人が所有する情報機器の普及はコミュニケーションの利便性の向上につながっている反面、年齢や所得など、個人の技術や社会環境の差によりデジタルデバイドを生じ、新しい情報を手に入れる機会や量が異なることがある。
138,2,正しくない,オットー・ノイラートのアイソタイプは、図記号を用いた情報デザインのはしりである。その後、オリンピックなどの国際的なイベントや駅などの公共施設の案内に、ピクトグラムを中心としたサインシステムが用いられるようになり、インフォグラフィックスによる情報の表現も多くみられるようになっている。,次の文章は正しいか答えなさい。オリンピックなどの国際的なイベントや駅などの公共施設の案内に、ピクトグラムを中心としたサインシステムが用いられていたが、インフォグラフィックスによる情報の表現は見られなくなってきている。
105,2,正しくない,"コンピュータは,直接アナログデータを扱うことができず,デジタルデータをデータとして扱っている。コンピュータの内部におけるデータは,複数の素子の電圧などの段階の組み合わせとして表されることが多い。現在は,これを二段階で表現する場合が多く,0と1で表される2進法を対応させて扱っている。","コンピュータは,直接アナログデータを扱うことは可能か"
200,2,正しくない,クレジットカードでは使用者は利用後に支払いを行う。,次の文章は正しいか答えよ。クレジットカードでは使用者は利用前に支払いを行う。
132,0,人間中心設計,"サインシステム,インフォグラフィックス,ユーザインタフェースなどのデザインにおいて,情報デザインとして優れているものは,利用者の立場に立ったデザインがなされている。これは「人間中心設計」という考え方で,その設計プロセスはiso(国際標準化機構)で規定されている。人間中心設計のプロセスは,利用者のニーズを把握し,そのニーズに基づいたデザインを行い,利用者の評価を受けて改善を行う。人間中心設計では,利用者のニーズを完全に満たすまで評価と改善を繰り返すことになる。",情報デザインとして優れているものに適応されている考え方は何か?
118,2,正しくない,対人コミュニケーションは特定相手を限定した個人対個人のコミュニケーションのことを指し、集団コミュニケーションは限定された小集団レベルのコミュニケーションのことを指す。また、マスコミュニケーションは不特定多数に対して行われるコミュニケーションのことをいう。,次の文章は正しいか答えなさい。マスコミュニケーションは特定相手を限定した個人対個人のコミュニケーションのことである。
197,1,多くのデータを読み込ませることで機械が自動的に学んでいくことが可能という特徴を持つ,"人間の神経細胞を模した多層ニューラルネットワークというモデルを用いてコンピュータに学習させる手法を,ディープラーニング(深層学習)と呼ぶ.従来の機械学習とは異なり,aiに多くのデータを読み込ませることで機械が自動的に学んでいくことが可能であるという点に特徴がある.",近年注目されている深層学習はどのような特徴がありますか
40,0,cpu,"コンピュータは,制御装置,演算装置,記憶装置,入力装置,出力装置の5つで構成される。制御装置と演算装置を合わせてcpu(central processing unit)という。",コンピュータの制御装置と演算装置を総称して何といいますか?
143,1,"6人程度のグループを組んで,6×3のマス目があるシートにそれぞれの意見やアイデアを書き込んでいく発想法","ブレーンストーミングやkj法以外に,授業に取り入れやすい発想法としては,ブレーンライティング(635法)がある。ブレーンライティングは,6人程度のグループを組んで,6×3のマス目があるシートにそれぞれの意見やアイデアを書き込んでいく発想法である。",635法はどのような発想法か答えなさい。
159,2,正しくない,"情報の代表的な特性として,以下の4つがあげられる。1形がない2消えない3簡単に複製できる4容易に伝播する。これらの特性は「もの」と比較して考えると分かりやすい。",次の文章は正しいか答えなさい.情報の代表的な特徴は「形がない」、「消える」、「簡単に複製できない」、「容易に伝播する」の4つである.
5,2,正しい,有線lamと無線lanの違いとはどこにあるのだろうか。外見上は、有線がethernetに従った規格の通信であり、無線はlanケーブルなしでethernetの通信技術を実現したものである。物理的な違いであり、実際には通信上のネットワークインターフェースがethernetの電気信号であることと電波を利用することの違いである。,次の文章は正しいか答えなさい。有線がethernetに従った規格の通信であり、無線はlanケーブルなしでethernetの通信技術を実現したものである。
13,0,pdf形式やword形式,"オープンデータとして利用しやすいファイル形式がある.統計情報,施設一覧など表形式となっている情報にはexcel形式やcsv形式を用いる.報告書などの文章による情報や図形,画像などが混在する情報にはpdf形式やword形式を用いる.地図と組み合わせて利用する情報で,線や面などのデータを含むものにはshp形式を用いる.",文章や画像などが混在する情報に適したファイル形式は何?
112,0,ビットマップデータ,"コンピュータで扱う画像データには様々な種類がある。画像データは大別して,ラスタデータとベクタデータに大きく分けられる。ラスタデータは,画像を色情報を持った点を使って表現したデータで,ビットマップデータとも呼ばれる。ラスタデータは,写真や自然画などを扱うのに適している。しかしラスタデータは,点の集合で表現されているため,画像の拡大・縮小・変形などには適さない。ベクタデータは,画像を点とそれを結ぶ線や面で計算処理して表現したデータで,イラストや図面などを作成するのに適している。ベクタデータは,表示するたびに,計算を行って画像を表現するため,画像を拡大・縮小・変形したりしても,画質が維持されるという特徴がある。","コンピュータで画像を扱う際,画像を色情報を持った点を使って表現したデータ形式を,ラスターデータ以外に何と呼ぶか"
47,2,正しくない,メモリが少ない場合は、あふれたデータをハードディスクに保存するため、ハードディスクとのデータのやり取りにほとんどの時間がとられ、いくらcpuが高速でも実行速度は上がらない。必要十分なメモリがあって、ハードディスクのかわりにデータの読み書きの速度が速いssd(solid state drive)などを使うと、コンピュータの実質的な動作速度を上げることができる。,次の文章は正しいか答えなさい。ssdのかわりにハードディスクを使うとコンピュータの実質的な動作速度を上げることができる。
103,0,弧度法,コンピュータにおける算術演算において、三角関数の引数となる角度は弧度法(ラジアン)である。ラジアンとは、円(扇型)の半径の長さと等しい弧の長さとなる中心角を1とする単位で、0度＝0ラジアン、90度＝π/2ラジアン、180度はπラジアン、360度＝2πラジアンとなる。角度からラジアンへの変換は角度にπ/180を掛ければよい。,コンピュータにおける算術演算において、三角関数の引数となる角度は何か
165,1,サイバー犯罪は匿名性が高い、痕跡が残りにくい、不特定多数が被害を受ける、時間と空間の制約がないという特徴がある,ネットワークを利用したサイバー犯罪には次のような特徴がある.1匿名性が高い2痕跡が残りにくい3不特定多数が被害を受ける4時間と空間の制約がない,サイバー犯罪の特徴は何ですか
122,0,インタラクティブなメディア,利用者の働きかけによって、提示される内容が変化するメディアをインタラクティブなメディアという。,利用者の働きかけによって、提示される内容が変化するメディアを何と呼ぶか答えなさい。
53,1,入力ポートに接続されたセンサの値を取得するには、ポートから入力した生のデータをセンサの特性に合わせてプログラム上で計算式によって温度などの物理量に変換する必要がある。,一般的に、入力ポートに接続されたセンサの値を取得するには、ポートから入力した生(なま)のデータをセンサの特性に合わせてプログラム上で計算式によって温度などの物理量に変換する必要がある。同様に、出力ポートに接続されたアクチュエータを制御する場合も、計算式によってモーターの回転数などの物理量をポートに出力するデータに変換する必要がある。,入力ポートに接続されたセンサの値を取得するにはどのようなことをする必要があるでしょう?
154,1,データは事象や現象を数字や文字で記号化したもので、情報は意味や価値が付加されたデータのことである,"事象や現象を数字や文字などで記号化したものがデータであり,意味や価値が付加されたデータやメッセージを情報という.",データと情報の違いは何ですか
4,2,正しくない,tcp/ipの4階層モデルについて説明する。インターネットの通信において、通信する際の規定を定めたものを通信プロトコルという。このプロトコルがあることで、相互に通信を行うことが可能になっている。,次の文章は正しいか答えなさい。インターネットの通信において、通信する際の規定を定めたものをインターネットプロトコルという。
113,0,ベクターデータ,"コンピュータで扱う画像データには様々な種類がある。画像データは大別して,ラスタデータとベクタデータに大きく分けられる。ラスタデータは,画像を色情報を持った点を使って表現したデータで,ビットマップデータとも呼ばれる。ラスタデータは,写真や自然画などを扱うのに適している。しかしラスタデータは,点の集合で表現されているため,画像の拡大・縮小・変形などには適さない。ベクタデータは,画像を点とそれを結ぶ線や面で計算処理して表現したデータで,イラストや図面などを作成するのに適している。ベクタデータは,表示するたびに,計算を行って画像を表現するため,画像を拡大・縮小・変形したりしても,画質が維持されるという特徴がある。","コンピュータで画像を扱う際,画像を点とそれを結ぶ線や面で計算処理して表現したデータを何というか"
28,0,50%,"位置統計量のうち,四分位数というものがある.四分位数はデータを大きさの順に並べたときに,データの個数(相対度数)を4等分する境界値で,データが小さい方から順に第1四分位数(q1),第2四分位数(q2)(中央値と同値),第3四分位数(q3)という。累積相対度数は中学校で学習するが,四分位数はそれぞれ,下側累積25%点,下側累積50%点,下側累積75%点に相当する。四分位数を図示する方法として,箱ひげ図が用いられる。","四分位数のうち,第2四分位数に相当するのは下側累積の何%?"
117,2,正しくない,画面内に画像や文章を配置する際に重要なことは絵心ではなく、目の特性(ゲシュタルトの法則)を理解することである。,次の文章は正しいか答えなさい。画面内に画像や文章を配置する際に重要なことは絵心である。
152,0,バリューシナリオ、アクティビティシナリオ、インタラクションシナリオ,シナリオ手法は、デザインしたものが利用される場面を具体的に想定して、要件を定義する手法である。シナリオ手法の一種として、「構造化シナリオ手法」がよく用いられる。これは、デザインされたものについて、利用者にどのような価値をもたらすのか記述した「バリューシナリオ」、利用者の活動の様子について記述した「アクティビティシナリオ」、利用者の具体的な行動や操作について記述した「インタラクションシナリオ」の3つのシナリオから構成される,構造化シナリオ手法を構成する3つのシナリオとは何か答えなさい。
106,0,標本化,"アナログ情報をデジタル化するときには,連続的に変化する量を一定の時間間隔で区切る標本化,それぞれの値にあらかじめ定めた段階値を割り当てる量子化,量子化した数値を2進法で表現する符号化の手順が行われる。","アナログ情報をデジタル情報に変換する際,連続的に変化する量を一定の時間間隔で区切る処理を何というか"
62,1,分岐とは、ある条件に応じて異なる処理を実行することである。,どのようなアルゴリズムでも、処理の流れは、順次、分岐、反復の3つの構造の組み合わせで構成されている。このような処理の流れを制御構造という。順次とは1つ1つの処理を順番に行うことであり、分岐はある条件に応じて異なる処理を実行することである。また、反復はある条件が満たされている間はその処理を繰り返し実行することである。,分岐とは何か
52,1,サーボモータはロボットの腕の関節のように、角度を指定して回転させる目的で使用する。,アクチュエータの動きは直進運動と回転運動に分けることができ、これらの動力源として、電気・油圧・空気圧がある。dcモータは車輪のように連続して回転させ、サーボモータはロボットの腕の関節のように、角度を指定して回転させる目的で使用する。,サーボモータを使用する目的は何か
11,1,外部からの不正な侵入を考慮して、ssidを公開しないことや暗号化キーを分かりづらいものにしておくこと、暗号化方式を容易に解読されないものにしておくことが必要である。,家庭内などの接続する人が特定できている場所での接続に関しても、外部からの不正な侵入も考慮し、ssidを公開しないことや暗号化キーを分かりづらいものにしておくこと、暗号化方式を容易に解読されないものにしておくことが必要である。そのため、ssid、暗号化キー、暗号化方式などの情報が無線lanに参加するのに必要になる。,家庭内などの接続する人が特定できている場所での接続について、外部からの不正な侵入の対策としてどのようなことをしておく必要がありますか。
6,2,正しい,有線lanでは物理的なケーブルを用いてデータを転送するのに対して、無線lanでは、空気中を電波でデータを伝送するために、傍受することが容易であることがデメリットである。共通鍵暗号ならば、暗号化、復号の両方で同じキーを使うので、この方式を使う無線lanは、キーがわかってしまえば、安全な通信はできないことになる。,次の文章は正しいか答えなさい。共通鍵暗号は暗号化・復号の両方で同じキーを使うので、この方式を使う無線lanはキーがわかってしまえば安全な通信はできないことになる。
188,1,目が疲れたり肩こりが生じたりする身体的な症状と、情報機器に過度に依存してしまう不安症などが挙げられる,"情報機器の普及は,これらを利用して仕事している人に対して,目が疲れたり肩こりが生じたりという身体的な症状や,また,過度に情報機器に依存してしまう不安症などという健康被害(テクノストレス)を生じさせることもある.",情報機器の普及による健康被害にはどのようなものがありますか
107,0,量子化,"アナログ情報をデジタル化するときには,連続的に変化する量を一定の時間間隔で区切る標本化,それぞれの値にあらかじめ定めた段階値を割り当てる量子化,量子化した数値を2進法で表現する符号化の手順が行われる。","アナログ情報をデジタル情報に変換する際,それぞれの値にあらかじめ定めた段階値を割り当てる処理を何というか"
59,0,煙感知器,リモコンの赤外線センサは、赤外線による信号を検知する役割を果たしている。また、エアコンの温度センサ・湿度センサは、室内の気温・湿度を検知する役割を果たしている。煙感知器の煙センサは煙を検知する役割を果たしている。,煙センサが使用されているものを1つ挙げなさい。
42,1,コンピュータに計算させるときには、必要な精度に見合った箱を用意するとともに、計算の途中でこの箱からはみ出さないように注意する必要がある。,コンピュータで変数は指定されたビット数の箱に入っていると考える。この箱(定められたビット数)に収まるものであれば誤差は生じないが、収まらないものは誤差が生じる。例えば、15ビットの箱を準備したとき、13ビットの魚aは箱に収まるが、20ビットの魚bは箱に入らない。このとき失われた5ビットが計算誤差の原因となる。コンピュータに計算させる時には、必要な精度に見合った箱を用意するとともに、計算の途中でこの箱からはみ出さないように注意する必要がある。,コンピュータに計算させる時にはどのようなことに注意する必要がありますか
82,0,二分探索,二分探索はリストの中から探索範囲を半分ずつ狭めながら目的のデータを探し出す探索方法である。,リストの中から探索範囲を半分ずつ狭めながら目的のデータを探し出す探索方法は何でしょう。
201,2,正しい,収集した膨大なデータを利用して、データ相互の関係や有用な知見を見出すことなどをデータマイニングと呼ぶ。,次の文章は正しいか答えなさい。データマイニングとは収集した膨大なデータを利用して、データ相互の関係や有用な知見を見出すことである。
16,0,sns,通信分野では利用者同士の交流や情報発信などの目的に、ソーシャルネットワーキングサービス(sns)と呼ばれる情報システムを用いている。,通信分野で用いられる情報システムはアルファベット3文字で何という
183,2,正しくない,知的財産権は、申請が必要な産業に関する産業財産権と、申請の必要がない文化や芸術に関する著作権に大きく分けられる。,次の文章は正しいか答えなさい。知的財産権は、申請の必要がない産業に関する産業財産権と、申請が必要な文化や芸術に関する著作権に大きく分けられる。
85,0,クイックソート,クイックソートはリスト内の一つのデータを軸として、大小2つに分割した後、分割したデータに対して同じ処理を再度行うことにより並べ替えを実現するアルゴリズムである。,リスト内の一つのデータを軸として、大小2つに分割した後、分割したデータに対して同じ処理を再度行うことにより並べ替えを実現するアルゴリズムは何か。
161,0,情報の機密性・完全性・可用性,"情報システムを安心して利用するには,情報セキュリティ対策が必要である。情報セキュリティとは,情報の機密性・完全性・可用性(情報セキュリティの3要素)を確保することである。",情報セキュリティの3要素を答えてください。
134,2,正しい,"現在のスマートフォンは,電話,メール,カメラ,web閲覧,音楽プレーヤー,ゲーム機‥‥と様々な機能を兼ね備えているため,利用者が操作に迷わないようなユーザインタフェースを備える必要がある。椅子やベッドのように物の存在自体が,人間の物に対する働きかけ方を想起させる場合がある。例えば,ユーザインタフェースは,「機器の操作」を利用者に想起させる。この「情報デザインの考え方」には,「情報の視覚的な表現」という「情報の見せ方」だけでなく,階層化されたメニューのように「情報を表示する順序」といった「情報の出し方」のデザインも含まれている。",次の文章は正しいか答えよ。「情報デザインの考え方」には「情報の出し方」のデザインも含まれる。
110,2,正しくない,"コンピュータでは,文字の一つ一つに文字コードと呼ばれる固有の番号を割り当てることで,文字を2進法のデータとして取り扱っている。英語などで使用されるアルファベットや数字などの文字は種類が少ないので7bitで表現することができるが,日本語などで使用される漢字などの文字は種類が多いので16bitで表現する。","次の文章は正しいか答えなさい。テキストをコンピュータで処理する際,1文字あたり7bitあれば十分である。"
86,1,クイックソートはリスト内の一つのデータを軸として、大小2つに分割した後、分割したデータに対して同じ処理を再度行うことにより並べ替えを実現するアルゴリズムである。,クイックソートはリスト内の一つのデータを軸として、大小2つに分割した後、分割したデータに対して同じ処理を再度行うことにより並べ替えを実現するアルゴリズムである。,クイックソートはどのようなアルゴリズムか説明しなさい
174,0,商標権,"特許権,実用新案権,意匠権,商標権を総称して産業財産権といい,新しい技術やデザインなどに対して独占的に使用できる権利が与えられ,模倣されないように保護される。","産業財産権は特許権,実用新案権,意匠権と何の総称?"
0,0,ethernetの電気信号,"外見上は,有線がethernet(イーサネット)(ieee802.3(アイトリプルイーハチマルニテンサン))に従った規格の通信であり,無線はlanケーブルなしでethernetの通信技術を実現したものである。物理的な違いであり,実際には通信上のネットワークインタフェースがethernetの電気信号であることと電波を利用することの違いである。",有線は無線と異なるネットワークインターフェースを用いている.それは何?
78,2,正しくない,ある一定の範囲内において、すべての数が同じ確率で現れるような数のことを乱数という。コンピュータはその性質上計算で値を生成するので計算による疑似的な乱数しか生成できない。これを疑似乱数(以後「乱数」と表現する)という。,以下の文章は正しいですか?ある一定の範囲内においてすべての数が異なる確率で現れるような数のことを乱数という。
195,1,店舗が用意したqrコードを読み込む、もしくはスマートフォンでqrコードを表示して店員が読み取るqrコード決済が利用されている,"中国や韓国ではキャッシュレス化が進んでおり,そこではqrコード決済も利用されている.決済方法は,(1)店舗が用意したqrコードを客が読み取る方法(2)客のスマートフォンでqrコードを表示し,店員がそのqrコードを読み取る方法の2種類がある.",キャッシュレス化が進む中国や韓国ではどのような決済方法が利用されていますか
76,0,戻り値,数学では関数はy＝f(x)のように表現されるが、コンピュータプログラムの関数ではxを引数(引数)、yを戻り値と呼んでいる。,数学での関数はy＝f(x)のように表現されるが、コンピュータプログラムではyを何というでしょう
18,0,緊急地震速報,気象分野では早期避難や工場の機械制御などを目的とし、緊急地震速報と呼ばれる情報システムを用いている。,気象分野で用いられる地震が来ることを伝える情報システムはなにか
171,1,情報機器が普及したことで映像や音楽、イラストや写真など多くの著作物を手軽に利用かつ複製できるようになったため、著作権についてよく理解した上で活用するようにしなければならない,"情報機器等が普及し,デジタル化が進んだことにより,映像,音楽,イラストや写真,文章など多くの著作物を手軽に利用でき,また複製できるようになった.手軽に利用できるようになったからこそ,知らぬ間に著作権を侵害してしまうことのないように,著作権についてよく理解した上で,著作物を守り活用していく姿勢が求められる.",情報機器が普及したことで著作権に対してどのようなことに気を付ければ良いですか
93,1,動的モデルはレジの待ち行列や、気象予測、生物の成長など、時間的要素を含んだ事象のモデルである。,モデルは、表現形式や対象の宅趙によって分類することができる。静的モデルは、プラスチックや建築図面などのように時間的要素を含まないもので、動的モデルはレジの待ち行列や、気象予測、生物の成長など、時間的要素を含んだ事象のモデルである。また、確率モデルは不規則な現象を含まず、方程式などで表せるモデルであり、確率モデルはサイコロやくじ引きのような不規則な現象を含んだモデルである。,動的モデルとはどのようなモデルですか?
